ID;Fecha historica;Magnitud historica;Hora (UTC);Intervalos;Escala de Richter;Profundidad (km);Latitud;Longitud;Efecto;Baja intensidad;Pais;Estado;Zona;Resultado
1;22/9/2021;3.4;09:57;49000 por año;181 kg;8.5;3.679.033;-12.191.933;Menor;SI;Estados Unidos;California;Moss Landing;No
2;21/9/2021;3.3;22:57;49000 por año;181kg;13.4;33.63;-116.71;Menor;Si;Estados Unidos;California;Riverside;No
3;21/9/2021;3.4;15:41;49000 por año;455kg;13.2;33.63;-116.71;Menor;Si;Estados Unidos;California;Riverside;No
4;19/9/2021;3;17:09;49000 por año;181kg;7.1;37.72;-121.99;Menor;Si;Estados Unidos;California;Alameda;No
5;18/9/2021;4;12:20;6200 por año;6t;6.8;38.54;-119.49;Ligero;No;Estados Unidos;California;Mono;No
6;17/9/2021;4.3;23:06;6200 por año;6t;10.2;33.82;-118.26;Ligero;No;Estados Unidos;California;Los Angeles;No
7;17/9/2021;3;19:58;49000 por año;181kg;11.9;33.83;-118.26;Menor;Si;Estados Unidos;California;Los Angeles;Si
8;17/9/2021;4.3;05:51;6200 por año;6t;7.0;32.51;-115.08;Ligero;No;Estados Unidos;California;Ejido Jiquilpan;No
9;14/9/2021;3.8;00:38;49000 por año;455kg;16.6;36.29;-120.59;Menor;Si;Estados Unidos;California;San Benito;No
10;13/9/2021;3.6;07:59;49000 por año;455kg;2.4;34.22;-118.89;Menor;Si;Estados Unidos;California;Ventura;No
11;9/9/2021;4.5;14:57;6200 por año;6t;32.8;40.27;-124.38;Ligero;No;Estados Unidos;California;Sacramento;No
12;8/9/2021;3.2;18:23;49000 por año;181kg;6.2;40.26;-124.36;Menor;Si;Estados Unidos;California;Sacramento;Si
13;7/9/2021;3.6;12:32;49000 por año;455kg;8.6;37.72;-123.03;Menor;SI;Estados Unidos;California;San Francisco;No
14;6/9/2021;4.7;05:23;6200 por año;6t;10.9;33.83;-118.26;Ligero;No;Estados Unidos;California;Los Angeles;No
15;5/9/2021;3;23:06;49000 por año;181kg;10.2;33.82;-118.26;Menor;Si;Estados Unidos;California;Los Angeles;Si
16;4/9/2021;3.5;23:11;49000 por año;455kg;6.8;33.63;-116.71;Menor;Si;Estados Unidos;California;Riverside;No
17;3/9/2021;3;07:02;49000 por año;181kg;11.2;37.72;-121.99;Menor;Si;Estados Unidos;California;Alameda;No
18;2/9/2021;4;14:53;6200 por año;6t;6.2;33.83;-118.26;Ligero;No;Estados Unidos;California;Los Angeles;No
19;1/9/2021;4.3;01:23;6200 por año;6t;14.2;32.51;-115.08;Ligero;No;Estados Unidos;California;Ejido Jiquilpan;No
20;31/8/2021;3.7;06:23;49000 por año;181kg;9.2;38.56;-121.46;Menor;Si;Estados Unidos;California;Sacramento;Si
21;30/8/2021;3.6;15:02;49000 por año;455kg;7.23;37.72;-123.03;Menor;SI;Estados Unidos;California;San Francisco;No
22;29/8/2021;3.2;23:21;49000 por año;455kg;9.75;37.70;-123.03;Menor;SI;Estados Unidos;California;San Francisco;No
23;28/8/2021;5.2;17:11;800 por año;199t;30.1;37.71;-123.01;Moderado;No;Estados Unidos;California;San Francisco;No
24;27/8/2021;3.0;05:14;49000 por año;455kg;13.1;37.71;-123.01;Menor;SI;Estados Unidos;California;San Francisco;Si
25;26/8/2021;4.1;07:14;6200 por año;6t;10.14;37.72;-123.03;Ligero;No;Estados Unidos;California;San Francisco;No
26;25/8/2021;3.1;09:12;49000 por año;455kg;6.1;37.70;-123.04;Menor;SI;Estados Unidos;California;San Francisco;Si
27;24/8/2021;3.6;16:55;49000 por año;455kg;10.2;37.72;-123.03;Menor;SI;Estados Unidos;California;San Francisco;No
28;23/8/2021;4.3;06:23;6200 por año;6t;6.3;32.51;-115.08;Ligero;No;Estados Unidos;California;Ejido Jiquilpan;No
29;22/8/2021;3.8;12:56;49000 por año;455kg;3.2;36.29;-120.59;Menor;Si;Estados Unidos;California;San Benito;No
30;21/8/2021;3.6;19:02;49000 por año;455kg;5.1;34.22;-118.89;Menor;Si;Estados Unidos;California;Ventura;No
31;20/8/2021;4.5;01:02;6200 por año;6t;15.2;40.27;-124.38;Ligero;No;Estados Unidos;California;Sacramento;No
32;19/8/2021;3.4;04:23;49000 por año;455kg;13.2;33.63;-116.71;Menor;Si;Estados Unidos;California;Riverside;No
33;18/8/2021;3;15:23;49000 por año;181kg;7.1;37.72;-121.99;Menor;Si;Estados Unidos;California;Alameda;No
34;17/8/2021;4;05:06;6200 por año;6t;6.8;38.54;-119.49;Ligero;No;Estados Unidos;California;Mono;No
35;16/8/2021;4.3;18:30;6200 por año;6t;10.2;33.82;-118.26;Ligero;No;Estados Unidos;California;Los Angeles;No
36;15/8/2021;4,5;23:03;6200 por año;6t;16.2;37.71;-122;Ligero;No;Estados Unidos;California;Alameda;No
37;14/8/2021;3;17:09;49000 por año;181kg;7.1;37.72;-121.99;Menor;Si;Estados Unidos;California;Alameda;Si
38;13/8/2021;4.7;06:23;6200 por año;6t;10.9;33.83;-118.26;Ligero;No;Estados Unidos;California;Los Angeles;No
39;12/8/2021;3;14:50;49000 por año;181kg;5.2;33.82;-118.26;Menor;Si;Estados Unidos;California;Los Angeles;Si
40;11/8/2021;4.2;23:02;800 por año;199t;23.1;37.71;-123.01;Moderado;No;Estados Unidos;California;San Francisco;No
41;10/8/2021;3.0;15:05;49000 por año;455kg;10.6;37.71;-123.01;Menor;SI;Estados Unidos;California;San Francisco;Si
42;9/8/2021;3;17:09;49000 por año;181kg;7.1;37.72;-121.99;Menor;Si;Estados Unidos;California;Alameda;No
43;8/8/2021;4;12:20;6200 por año;6t;6.8;38.54;-119.49;Ligero;No;Estados Unidos;California;Mono;No
44;7/8/2021;4.3;23:06;6200 por año;6t;10.2;33.82;-118.26;Ligero;No;Estados Unidos;California;Los Angeles;No
45;6/8/2021;3;19:58;49000 por año;181kg;11.9;33.83;-118.26;Menor;Si;Estados Unidos;California;Los Angeles;Si
46;5/8/2021;4.3;05:51;6200 por año;6t;7.0;32.51;-115.08;Ligero;No;Estados Unidos;California;Ejido Jiquilpan;No
47;4/8/2021;3.8;00:38;49000 por año;455kg;16.6;36.29;-120.59;Menor;Si;Estados Unidos;California;San Benito;No
48;3/8/2021;3.6;07:59;49000 por año;455kg;2.4;34.22;-118.89;Menor;Si;Estados Unidos;California;Ventura;No
49;2/8/2021;4.5;14:57;6200 por año;6t;32.8;40.27;-124.38;Ligero;No;Estados Unidos;California;Sacramento;No
50;1/8/2021;3.2;18:23;49000 por año;181kg;6.2;40.26;-124.36;Menor;Si;Estados Unidos;California;Sacramento;Si
51;31/7/2021;3.6;12:32;49000 por año;455kg;8.6;37.72;-123.03;Menor;SI;Estados Unidos;California;San Francisco;No
52;30/7/2021;3.6;07:59;49000 por año;455kg;2.4;34.22;-118.89;Menor;Si;Estados Unidos;California;Ventura;No
53;29/7/2021;4.5;14:57;6200 por año;6t;32.8;40.27;-124.38;Ligero;No;Estados Unidos;California;Sacramento;No
54;28/7/2021;3.2;18:23;49000 por año;181kg;6.2;40.26;-124.36;Menor;Si;Estados Unidos;California;Sacramento;Si
55;27/7/2021;3.6;12:32;49000 por año;455kg;8.6;37.72;-123.03;Menor;SI;Estados Unidos;California;San Francisco;No
56;26/7/2021;4.2;05:23;6200 por año;6t;10.9;33.83;-118.26;Ligero;No;Estados Unidos;California;Los Angeles;No
57;25/7/2021;3;23:06;49000 por año;181kg;10.2;33.82;-118.26;Menor;Si;Estados Unidos;California;Los Angeles;Si
58;24/7/2021;3.2;01:02;49000 por año;455kg;6.8;33.63;-116.71;Menor;Si;Estados Unidos;California;Riverside;No
59;23/7/2021;3;18:17;49000 por año;181kg;11.2;37.72;-121.99;Menor;Si;Estados Unidos;California;Alameda;No
60;22/7/2021;4.2;07:25;6200 por año;6t;6.2;33.83;-118.26;Ligero;No;Estados Unidos;California;Los Angeles;No
61;21/7/2021;4.5;10:16;6200 por año;6t;10.14;37.72;-123.03;Ligero;No;Estados Unidos;California;San Francisco;No
62;20/7/2021;3.4;03:20;49000 por año;455kg;6.1;37.70;-123.04;Menor;SI;Estados Unidos;California;San Francisco;Si
63;19/7/2021;3;12:41;49000 por año;455kg;10.2;37.72;-123.03;Menor;SI;Estados Unidos;California;San Francisco;No
64;18/7/2021;4;02:08;6200 por año;6t;6.8;38.54;-119.49;Ligero;No;Estados Unidos;California;Mono;No
65;17/7/2021;4.6;01:39;6200 por año;6t;10.2;33.82;-118.26;Ligero;No;Estados Unidos;California;Los Angeles;No
66;16/7/2021;3;10:38;49000 por año;181kg;11.9;33.83;-118.26;Menor;Si;Estados Unidos;California;Los Angeles;Si
67;15/7/2021;4.3;08:56;6200 por año;6t;7.0;32.51;-115.08;Ligero;No;Estados Unidos;California;Ejido Jiquilpan;No
68;14/7/2021;3.8;05:01;49000 por año;455kg;16.6;36.29;-120.59;Menor;Si;Estados Unidos;California;San Benito;No
69;13/7/2021;3.6;09:06;49000 por año;455kg;2.4;34.22;-118.89;Menor;Si;Estados Unidos;California;Ventura;No
70;12/7/2021;4.5;23:15;6200 por año;6t;32.8;40.27;-124.38;Ligero;No;Estados Unidos;California;Sacramento;No
71;11/7/2021;3.2;23:12;49000 por año;181kg;6.2;40.26;-124.36;Menor;Si;Estados Unidos;California;Sacramento;Si
72;10/7/2021;3.6;01:06;49000 por año;455kg;8.6;37.72;-123.03;Menor;SI;Estados Unidos;California;San Francisco;No
73;9/7/2021;4.7;10:36;6200 por año;6t;10.9;33.83;-118.26;Ligero;No;Estados Unidos;California;Los Angeles;No
74;8/7/2021;3;01:02;49000 por año;181kg;10.2;33.82;-118.26;Menor;Si;Estados Unidos;California;Los Angeles;Si
75;7/7/2021;3.5;02:07;49000 por año;455kg;6.8;33.63;-116.71;Menor;Si;Estados Unidos;California;Riverside;No
76;6/7/2021;3;15:36;49000 por año;181 kg;8.5;3.679.033;-12.191.933;Menor;SI;Estados Unidos;California;Moss Landing;No
77;5/7/2021;3.6;23:14;49000 por año;181kg;13.4;33.63;-116.71;Menor;Si;Estados Unidos;California;Riverside;No
78;4/7/2021;3.9;20:15;49000 por año;455kg;13.2;33.63;-116.71;Menor;Si;Estados Unidos;California;Riverside;No
79;3/7/2021;3.2;01:49;49000 por año;181kg;7.1;37.72;-121.99;Menor;Si;Estados Unidos;California;Alameda;No
80;2/7/2021;4.7;21:26;6200 por año;6t;6.8;38.54;-119.49;Ligero;No;Estados Unidos;California;Mono;No
81;1/7/2021;4.2;06:38;6200 por año;6t;10.2;33.82;-118.26;Ligero;No;Estados Unidos;California;Los Angeles;No
82;30/6/2021;3;02:32;49000 por año;181kg;11.9;33.83;-118.26;Menor;Si;Estados Unidos;California;Los Angeles;Si
83;29/6/2021;4.3;04:28;6200 por año;6t;7.0;32.51;-115.08;Ligero;No;Estados Unidos;California;Ejido Jiquilpan;No
84;28/6/2021;3.8;19:37;49000 por año;455kg;16.6;36.29;-120.59;Menor;Si;Estados Unidos;California;San Benito;No
85;27/6/2021;3.6;16:31;49000 por año;455kg;2.4;34.22;-118.89;Menor;Si;Estados Unidos;California;Ventura;No
86;26/6/2021;4.5;07:49;6200 por año;6t;32.8;40.27;-124.38;Ligero;No;Estados Unidos;California;Sacramento;No
87;25/6/2021;3.2;10:51;49000 por año;181kg;6.2;40.26;-124.36;Menor;Si;Estados Unidos;California;Sacramento;Si
88;24/6/2021;3.6;13:00;49000 por año;455kg;8.6;37.72;-123.03;Menor;SI;Estados Unidos;California;San Francisco;No
89;23/6/2021;4.7;12:58;6200 por año;6t;10.9;33.83;-118.26;Ligero;No;Estados Unidos;California;Los Angeles;No
90;22/6/2021;3;17:12;49000 por año;181kg;10.2;33.82;-118.26;Menor;Si;Estados Unidos;California;Los Angeles;Si
91;21/6/2021;3.5;20:54;49000 por año;455kg;6.8;33.63;-116.71;Menor;Si;Estados Unidos;California;Riverside;No
92;20/6/2021;3;00:02;49000 por año;181kg;11.2;37.72;-121.99;Menor;Si;Estados Unidos;California;Alameda;No
93;19/6/2021;4;18:49;6200 por año;6t;6.2;33.83;-118.26;Ligero;No;Estados Unidos;California;Los Angeles;No
94;18/6/2021;4.3;00:03;6200 por año;6t;14.2;32.51;-115.08;Ligero;No;Estados Unidos;California;Ejido Jiquilpan;No
95;17/6/2021;3.7;21:59;49000 por año;181kg;9.2;38.56;-121.46;Menor;Si;Estados Unidos;California;Sacramento;Si
96;16/6/2021;3.6;14:39;49000 por año;455kg;7.23;37.72;-123.03;Menor;SI;Estados Unidos;California;San Francisco;No
97;15/6/2021;3.2;20:17;49000 por año;455kg;9.75;37.70;-123.03;Menor;SI;Estados Unidos;California;San Francisco;No
98;14/6/2021;5.2;02:54;800 por año;199t;30.1;37.71;-123.01;Moderado;No;Estados Unidos;California;San Francisco;No
99;13/6/2021;3.0;08:07;49000 por año;455kg;13.1;37.71;-123.01;Menor;SI;Estados Unidos;California;San Francisco;Si
100;12/6/2021;4.1;16:15;6200 por año;6t;10.14;37.72;-123.03;Ligero;No;Estados Unidos;California;San Francisco;No
101;11/6/2021;3.1;07:57;49000 por año;455kg;6.1;37.70;-123.04;Menor;SI;Estados Unidos;California;San Francisco;Si
102;10/6/2021;3.6;04:55;49000 por año;455kg;10.2;37.72;-123.03;Menor;SI;Estados Unidos;California;San Francisco;No
103;9/6/2021;4.3;20:09;6200 por año;6t;6.3;32.51;-115.08;Ligero;No;Estados Unidos;California;Ejido Jiquilpan;No
104;8/6/2021;3.8;19:13;49000 por año;455kg;3.2;36.29;-120.59;Menor;Si;Estados Unidos;California;San Benito;No
105;7/6/2021;3.6;21:01;49000 por año;455kg;5.1;34.22;-118.89;Menor;Si;Estados Unidos;California;Ventura;No
106;6/6/2021;4.5;18:27;6200 por año;6t;15.2;40.27;-124.38;Ligero;No;Estados Unidos;California;Sacramento;No
107;5/6/2021;3.4;14:28;49000 por año;455kg;13.2;33.63;-116.71;Menor;Si;Estados Unidos;California;Riverside;No
108;4/6/2021;3;09:32;49000 por año;181kg;7.1;37.72;-121.99;Menor;Si;Estados Unidos;California;Alameda;No
109;3/6/2021;4;12:20;6200 por año;6t;6.8;38.54;-119.49;Ligero;No;Estados Unidos;California;Mono;No
110;2/6/2021;4.3;08:40;6200 por año;6t;10.2;33.82;-118.26;Ligero;No;Estados Unidos;California;Los Angeles;No
111;1/6/2021;4,5;02:59;6200 por año;6t;16.2;37.71;-122;Ligero;No;Estados Unidos;California;Alameda;No
112;31/5/2021;3;14:55;49000 por año;181kg;7.1;37.72;-121.99;Menor;Si;Estados Unidos;California;Alameda;Si
113;30/5/2021;4.7;03:44;6200 por año;6t;10.9;33.83;-118.26;Ligero;No;Estados Unidos;California;Los Angeles;No
114;29/5/2021;3;18:28;49000 por año;181kg;5.2;33.82;-118.26;Menor;Si;Estados Unidos;California;Los Angeles;Si
115;28/5/2021;4.2;08:00;800 por año;199t;23.1;37.71;-123.01;Moderado;No;Estados Unidos;California;San Francisco;No
116;27/5/2021;3.0;05:20;49000 por año;455kg;10.6;37.71;-123.01;Menor;SI;Estados Unidos;California;San Francisco;Si
117;26/5/2021;3;19:39;49000 por año;181kg;7.1;37.72;-121.99;Menor;Si;Estados Unidos;California;Alameda;No
118;25/5/2021;4;16:27;6200 por año;6t;6.8;38.54;-119.49;Ligero;No;Estados Unidos;California;Mono;No
119;24/5/2021;4.3;05:59;6200 por año;6t;10.2;33.82;-118.26;Ligero;No;Estados Unidos;California;Los Angeles;No
120;23/5/2021;3;11:48;49000 por año;181kg;11.9;33.83;-118.26;Menor;Si;Estados Unidos;California;Los Angeles;Si
121;22/5/2021;4.3;06:42;6200 por año;6t;7.0;32.51;-115.08;Ligero;No;Estados Unidos;California;Ejido Jiquilpan;No
122;21/5/2021;3.8;00:38;49000 por año;455kg;16.6;36.29;-120.59;Menor;Si;Estados Unidos;California;San Benito;No
123;20/5/2021;3.6;02:24;49000 por año;455kg;2.4;34.22;-118.89;Menor;Si;Estados Unidos;California;Ventura;No
124;19/5/2021;4.5;01:13;6200 por año;6t;32.8;40.27;-124.38;Ligero;No;Estados Unidos;California;Sacramento;No
125;18/5/2021;3.2;13:45;49000 por año;181kg;6.2;40.26;-124.36;Menor;Si;Estados Unidos;California;Sacramento;Si
126;17/5/2021;3.6;09:30;49000 por año;455kg;8.6;37.72;-123.03;Menor;SI;Estados Unidos;California;San Francisco;No
127;16/5/2021;3.6;23:59;49000 por año;455kg;2.4;34.22;-118.89;Menor;Si;Estados Unidos;California;Ventura;No
128;15/5/2021;4.5;00:13;6200 por año;6t;32.8;40.27;-124.38;Ligero;No;Estados Unidos;California;Sacramento;No
129;14/5/2021;3.2;07:19;49000 por año;181kg;6.2;40.26;-124.36;Menor;Si;Estados Unidos;California;Sacramento;Si
130;13/5/2021;3.6;01:01;49000 por año;455kg;8.6;37.72;-123.03;Menor;SI;Estados Unidos;California;San Francisco;No
131;12/5/2021;4.2;07:27;6200 por año;6t;10.9;33.83;-118.26;Ligero;No;Estados Unidos;California;Los Angeles;No
132;11/5/2021;3;15:29;49000 por año;181kg;10.2;33.82;-118.26;Menor;Si;Estados Unidos;California;Los Angeles;Si
133;10/5/2021;3.2;17:15;49000 por año;455kg;6.8;33.63;-116.71;Menor;Si;Estados Unidos;California;Riverside;No
134;9/5/2021;3;16:23;49000 por año;181kg;11.2;37.72;-121.99;Menor;Si;Estados Unidos;California;Alameda;No
135;8/5/2021;4.2;04:46;6200 por año;6t;6.2;33.83;-118.26;Ligero;No;Estados Unidos;California;Los Angeles;No
136;7/5/2021;4.5;17:09;6200 por año;6t;10.14;37.72;-123.03;Ligero;No;Estados Unidos;California;San Francisco;No
137;6/5/2021;3.4;23:43;49000 por año;455kg;6.1;37.70;-123.04;Menor;SI;Estados Unidos;California;San Francisco;No
138;5/5/2021;3;06:42;49000 por año;455kg;10.2;37.72;-123.03;Menor;SI;Estados Unidos;California;San Francisco;No
139;4/5/2021;4;18:52;6200 por año;6t;6.8;38.54;-119.49;Ligero;No;Estados Unidos;California;Mono;No
140;3/5/2021;4.6;07:44;6200 por año;6t;10.2;33.82;-118.26;Ligero;No;Estados Unidos;California;Los Angeles;No
141;2/5/2021;3;10:30;49000 por año;181kg;11.9;33.83;-118.26;Menor;Si;Estados Unidos;California;Los Angeles;Si
142;1/5/2021;4.3;19:05;6200 por año;6t;7.0;32.51;-115.08;Ligero;No;Estados Unidos;California;Ejido Jiquilpan;No
143;30/4/2021;3.8;01:49;49000 por año;455kg;16.6;36.29;-120.59;Menor;Si;Estados Unidos;California;San Benito;No
144;29/4/2021;3.6;13:20;49000 por año;455kg;2.4;34.22;-118.89;Menor;Si;Estados Unidos;California;Ventura;No
145;28/4/2021;4.5;22:07;6200 por año;6t;32.8;40.27;-124.38;Ligero;No;Estados Unidos;California;Sacramento;No
146;27/4/2021;3.2;23:36;49000 por año;181kg;6.2;40.26;-124.36;Menor;Si;Estados Unidos;California;Sacramento;No
147;26/4/2021;3.6;19:35;49000 por año;455kg;8.6;37.72;-123.03;Menor;SI;Estados Unidos;California;San Francisco;No
148;25/4/2021;4.7;02:22;6200 por año;6t;10.9;33.83;-118.26;Ligero;No;Estados Unidos;California;Los Angeles;No
149;24/4/2021;3;16:53;49000 por año;181kg;10.2;33.82;-118.26;Menor;Si;Estados Unidos;California;Los Angeles;Si
150;23/4/2021;3.5;02:21;49000 por año;455kg;6.8;33.63;-116.71;Menor;Si;Estados Unidos;California;Riverside;No
151;22/4/2021;4;13:11;6200 por año;6t;5.6;32.51;-115.08;Ligero;No;Estados Unidos;California;Ejido Jiquilpan;No
152;21/4/2021;3.1;23:51;49000 por año;455kg;12.3;36.29;-120.59;Menor;Si;Estados Unidos;California;San Benito;No
153;20/4/2021;3;03:26;49000 por año;455kg;6.5;34.22;-118.89;Menor;Si;Estados Unidos;California;Ventura;No
154;19/4/2021;4.6;17:13;6200 por año;6t;18.2;40.27;-124.38;Ligero;No;Estados Unidos;California;Sacramento;No
155;18/4/2021;3.7;11:24;49000 por año;181kg;9.8;40.26;-124.36;Menor;Si;Estados Unidos;California;Sacramento;No
156;17/4/2021;3.9;13:07;49000 por año;455kg;12.4;37.72;-123.03;Menor;SI;Estados Unidos;California;San Francisco;No
157;16/4/2021;4;01:02;6200 por año;6t;5.4;33.83;-118.26;Ligero;No;Estados Unidos;California;Los Angeles;No
158;15/4/2021;3;01:06;49000 por año;181kg;6.3;33.63;-116.71;Menor;Si;Estados Unidos;California;Riverside;No
159;14/4/2021;3.1;12:46;49000 por año;181kg;10.2;37.72;-121.99;Menor;Si;Estados Unidos;California;Alameda;Si
160;13/4/2021;3.6;05:02;49000 por año;455kg;3;38.54;-119.49;Menor;Si;Estados Unidos;California;Mono;No
161;12/4/2021;5.4;19:22;800 por año;199t;14,6;33.82;-118.26;Moderado;No;Estados Unidos;California;Los Angeles;No
162;11/4/2021;3;18:26;49000 por año;181kg;13;37.71;-122;Menor;Si;Estados Unidos;California;Alameda;No
163;10/4/2021;4;09:44;6200 por año;6t;10,3;37.72;-121.99;Ligero;No;Estados Unidos;California;Alameda;No
164;9/4/2021;3.2;15:46;49000 por año;181kg;6,9;33.83;-118.26;Menor;Si;Estados Unidos;California;Los Angeles;No
165;8/4/2021;2.6;16:07;1000 por dia;29kg;8,4;33.82;-118.26;Menor;SI;Estados Unidos;California;Los Angeles;No
166;7/4/2021;3.8;01:06;49000 por año;455kg;16,4;37.71;-123.01;Menor;SI;Estados Unidos;California;San Francisco;Si
167;6/4/2021;3.1;02:54;49000 por año;181kg;8,3;37.71;-123.01;Menor;Si;Estados Unidos;California;San Francisco;No
168;5/4/2021;3.2;15:24;49000 por año;181kg;12,3;37.72;-121.99;Menor;Si;Estados Unidos;California;Alameda;No
169;4/4/2021;4.5;13:55;6200 por año;6t;8,9;38.54;-119.49;Ligero;No;Estados Unidos;California;Mono;No
170;3/4/2021;3.7;03:42;49000 por año;455kg;6,8;33.82;-118.26;Menor;Si;Estados Unidos;California;Los Angeles;No
171;2/4/2021;3;13:12;49000 por año;181kg;3,2;33.83;-118.26;Menor;Si;Estados Unidos;California;Los Angeles;No
172;1/4/2021;2.9;20:51;1000 por dia;29kg;5,6;32.51;-115.08;Menor;Si;Estados Unidos;California;Ejido Jiquilpan;No
173;31/3/2021;3;13:40;49000 por año;181kg;6,8;36.29;-120.59;Menor;Si;Estados Unidos;California;San Benito;No
174;30/3/2021;3.6;06:16;49000 por año;455kg;5,1;34.22;-118.89;Menor;Si;Estados Unidos;California;Ventura;No
175;29/3/2021;4.5;12:24;6200 por año;6t;18,2;40.27;-124.38;Ligero;No;Estados Unidos;California;Sacramento;No
176;28/3/2021;5;03:55;800 poraño;199t;18;40.26;-124.36;Moderado;No;Estados Unidos;California;Sacramento;No
177;27/3/2021;3;04:03;49000 por año;181kg;16,6;37.72;-123.03;Menor;Si;Estados Unidos;California;San Francisco;No
178;26/3/2021;3.2;17:11;49000 por año;181kg;15,4;34.22;-118.89;Menor;Si;Estados Unidos;California;Ventura;No
179;25/3/2021;3.5;02:43;49000 por año;455kg;15,9;40.27;-124.38;Menor;Si;Estados Unidos;California;Sacramento;No
180;24/3/2021;4;14:16;6200 por año;6t;18,5;40.26;-124.36;Ligero;No;Estados Unidos;California;Sacramento;No
181;23/3/2021;3.6;11:52;49000 por año;455kg;8,2;37.72;-123.03;Menor;Si;Estados Unidos;California;San Francisco;No
182;22/3/2021;3.8;00:10;49000 por año;455kg;16,6;33.83;-118.26;Menor;Si;Estados Unidos;California;Los Angeles;No
183;21/3/2021;2;02:09;1000 por dia;6kg;18,7;33.82;-118.26;Menor;Si;Estados Unidos;California;Los Angeles;No
184;20/3/2021;3.2;21:49;49000 por año;181kg;7,8;33.63;-116.71;Menor;Si;Estados Unidos;California;Riverside;No
185;19/3/2021;3.1;18:51;49000 por año;181kg;7,8;37.72;-121.99;Menor;Si;Estados Unidos;California;Alameda;No
186;18/3/2021;3.9;18:30;49000 por año;455kg;17,8;33.83;-118.26;Menor;Si;Estados Unidos;California;Los Angeles;No
187;17/3/2021;5;02:17;800 por dia;199t;14,3;37.72;-123.03;Moderado;No;Estados Unidos;California;San Francisco;No
188;16/3/2021;4.1;05:04;6200 por año;6t;10;37.70;-123.04;Ligero;No;Estados Unidos;California;San Francisco;No
189;15/3/2021;3;11:14;49000 por año;181kg;9,4;37.72;-123.03;Menor;Si;Estados Unidos;California;San Francisco;Si
190;14/3/2021;4.6;12:59;6200 por año;6t;19,7;38.54;-119.49;Ligero;No;Estados Unidos;California;Mono;No
191;13/3/2021;3.7;08:50;49000 por año;455kg;17,4;33.82;-118.26;Menor;Si;Estados Unidos;California;Los Angeles;No
192;12/3/2021;3.2;16:25;49000 por año;181kg;19,8;33.83;-118.26;Menor;Si;Estados Unidos;California;Los Angeles;No
193;11/3/2021;3;02:33;49000 por año;181kg;19,3;32.51;-115.08;Menor;Si;Estados Unidos;California;Ejido Jiquilpan;No
194;10/3/2021;3.1;15:38;49000 por año;181kg;17,9;36.29;-120.59;Menor;Si;Estados Unidos;California;San Benito;No
195;9/3/2021;2.6;13:40;1000 por dia;29kg;19,4;34.22;-118.89;Menor;Si;Estados Unidos;California;Ventura;No
196;8/3/2021;4.6;03:47;6200 por año;6t;12,2;40.27;-124.38;Ligero;No;Estados Unidos;California;Sacramento;No
197;7/3/2021;3.7;08:48;49000 por año;455kg;8,2;40.26;-124.36;Menor;Si;Estados Unidos;California;Sacramento;Si
198;6/3/2021;5.1;17:16;800 por año;199t;19,6;37.72;-123.03;Moderado;No;Estados Unidos;California;San Francisco;No
199;5/3/2021;3;21:31;49000 por año;181kg;4,4;33.83;-118.26;Menor;Si;Estados Unidos;California;Los Angeles;No
200;4/3/2021;3.2;10:38;49000 por año;181kg;19,5;33.82;-118.26;Menor;Si;Estados Unidos;California;Los Angeles;No
201;3/3/2021;4;20:27;6200 por año;6t;13,7;38.54;-119.49;Ligero;No;Estados Unidos;California;Mono;No
202;2/3/2021;4.3;04:41;6200 por año;6t;7,9;33.82;-118.26;Ligero;No;Estados Unidos;California;Los Angeles;No
203;1/3/2021;3;03:16;49000 por año;181kg;18,8;33.83;-118.26;Menor;Si;Estados Unidos;California;Los Angeles;Si
204;28/2/2021;4.3;02:09;6200 por año;6t;5,2;32.51;-115.08;Ligero;No;Estados Unidos;California;Ejido Jiquilpan;No
205;27/2/2021;3.8;08:45;49000 por año;455kg;14,8;36.29;-120.59;Menor;Si;Estados Unidos;California;San Benito;No
206;26/2/2021;3.6;01:34;49000 por año;455kg;14,6;34.22;-118.89;Menor;Si;Estados Unidos;California;Ventura;No
207;25/2/2021;4.5;04:09;6200 por año;6t;13,9;40.27;-124.38;Ligero;No;Estados Unidos;California;Sacramento;No
208;24/2/2021;3.2;14:39;49000 por año;181kg;8;40.26;-124.36;Menor;Si;Estados Unidos;California;Sacramento;Si
209;23/2/2021;3.6;10:34;49000 por año;455kg;16,8;37.72;-123.03;Menor;SI;Estados Unidos;California;San Francisco;No
210;22/2/2021;4.7;04:52;6200 por año;6t;18,1;33.83;-118.26;Ligero;No;Estados Unidos;California;Los Angeles;No
211;21/2/2021;3;11:43;49000 por año;181kg;13,6;33.82;-118.26;Menor;Si;Estados Unidos;California;Los Angeles;Si
212;20/2/2021;3.5;09:23;49000 por año;455kg;16,6;33.63;-116.71;Menor;Si;Estados Unidos;California;Riverside;No
213;19/2/2021;3;14:10;49000 por año;181kg;4,8;37.72;-121.99;Menor;Si;Estados Unidos;California;Alameda;No
214;18/2/2021;4;18:08;6200 por año;6t;13,3;33.83;-118.26;Ligero;No;Estados Unidos;California;Los Angeles;No
215;17/2/2021;4.3;08:42;6200 por año;6t;3,5;32.51;-115.08;Ligero;No;Estados Unidos;California;Ejido Jiquilpan;No
216;16/2/2021;3.7;21:14;49000 por año;181kg;18,2;38.56;-121.46;Menor;Si;Estados Unidos;California;Sacramento;No
217;15/2/2021;3.6;00:09;49000 por año;455kg;10,1;37.72;-123.03;Menor;SI;Estados Unidos;California;San Francisco;No
218;14/2/2021;3.2;07:23;49000 por año;455kg;8,8;37.70;-123.03;Menor;SI;Estados Unidos;California;San Francisco;No
219;13/2/2021;5.2;20:25;800 por año;199t;7,5;37.71;-123.01;Moderado;No;Estados Unidos;California;San Francisco;No
220;12/2/2021;3.6;20:47;49000 por año;455kg;13,3;37.72;-123.03;Menor;SI;Estados Unidos;California;San Francisco;No
221;11/2/2021;3.2;15:33;49000 por año;455kg;18,1;37.70;-123.03;Menor;SI;Estados Unidos;California;San Francisco;No
222;10/2/2021;5.2;13:19;800 por año;199t;7;37.71;-123.01;Moderado;No;Estados Unidos;California;San Francisco;No
223;9/2/2021;3.0;11:53;49000 por año;455kg;17,6;37.71;-123.01;Menor;SI;Estados Unidos;California;San Francisco;Si
224;8/2/2021;4.1;10:13;6200 por año;6t;12,6;37.72;-123.03;Ligero;No;Estados Unidos;California;San Francisco;No
225;7/2/2021;3.1;15:45;49000 por año;455kg;17,5;37.70;-123.04;Menor;SI;Estados Unidos;California;San Francisco;Si
226;6/2/2021;3.6;07:52;49000 por año;455kg;16,7;37.72;-123.03;Menor;SI;Estados Unidos;California;San Francisco;No
227;5/2/2021;4.3;08:54;6200 por año;6t;17,8;32.51;-115.08;Ligero;No;Estados Unidos;California;Ejido Jiquilpan;No
228;4/2/2021;3.8;15:15;49000 por año;455kg;5,3;36.29;-120.59;Menor;Si;Estados Unidos;California;San Benito;No
229;3/2/2021;3.6;01:11;49000 por año;455kg;9,4;34.22;-118.89;Menor;Si;Estados Unidos;California;Ventura;No
230;2/2/2021;4.5;12:54;6200 por año;6t;9,4;40.27;-124.38;Ligero;No;Estados Unidos;California;Sacramento;No
231;1/2/2021;3.4;23:15;49000 por año;455kg;4,9;33.63;-116.71;Menor;Si;Estados Unidos;California;Riverside;No
232;31/1/2021;3;22:58;49000 por año;181kg;10,6;37.72;-121.99;Menor;Si;Estados Unidos;California;Alameda;No
233;30/1/2021;4;03:34;6200 por año;6t;16,4;38.54;-119.49;Ligero;No;Estados Unidos;California;Mono;No
234;29/1/2021;4.3;15:14;6200 por año;6t;11,7;33.82;-118.26;Ligero;No;Estados Unidos;California;Los Angeles;No
235;28/1/2021;4,5;15:33;6200 por año;6t;19,5;37.71;-122;Ligero;No;Estados Unidos;California;Alameda;No
236;27/1/2021;3;21:17;49000 por año;181kg;15,4;37.72;-121.99;Menor;Si;Estados Unidos;California;Alameda;Si
237;26/1/2021;4.7;13:42;6200 por año;6t;6,5;33.83;-118.26;Ligero;No;Estados Unidos;California;Los Angeles;No
238;25/1/2021;3;15:52;49000 por año;181kg;17,7;33.82;-118.26;Menor;Si;Estados Unidos;California;Los Angeles;Si
239;24/1/2021;4.2;19:32;800 por año;199t;15,2;37.71;-123.01;Moderado;No;Estados Unidos;California;San Francisco;No
240;23/1/2021;3.0;11:09;49000 por año;455kg;11,5;37.71;-123.01;Menor;SI;Estados Unidos;California;San Francisco;Si
241;22/1/2021;3.6;18:02;49000 por año;455kg;6;37.72;-123.03;Menor;SI;Estados Unidos;California;San Francisco;No
242;21/1/2021;3.6;06:20;49000 por año;455kg;3,3;34.22;-118.89;Menor;Si;Estados Unidos;California;Ventura;No
243;20/1/2021;4.5;09:15;6200 por año;6t;3;40.27;-124.38;Ligero;No;Estados Unidos;California;Sacramento;No
244;19/1/2021;3.2;20:04;49000 por año;181kg;9,6;40.26;-124.36;Menor;Si;Estados Unidos;California;Sacramento;Si
245;18/1/2021;3.6;06:19;49000 por año;455kg;14,9;37.72;-123.03;Menor;SI;Estados Unidos;California;San Francisco;No
246;17/1/2021;4.2;21:27;6200 por año;6t;17;33.83;-118.26;Ligero;No;Estados Unidos;California;Los Angeles;No
247;16/1/2021;3;08:01;49000 por año;181kg;13;33.82;-118.26;Menor;Si;Estados Unidos;California;Los Angeles;Si
248;15/1/2021;3.2;03:23;49000 por año;455kg;9,3;33.63;-116.71;Menor;Si;Estados Unidos;California;Riverside;No
249;14/1/2021;3;14:23;49000 por año;181kg;11,6;37.72;-121.99;Menor;Si;Estados Unidos;California;Alameda;No
250;13/1/2021;4.2;00:44;6200 por año;6t;5,6;33.83;-118.26;Ligero;No;Estados Unidos;California;Los Angeles;No
251;12/1/2021;4.5;16:46;6200 por año;6t;12;37.72;-123.03;Ligero;No;Estados Unidos;California;San Francisco;No
252;11/1/2021;3.4;17:45;49000 por año;455kg;4,7;37.70;-123.04;Menor;Si;Estados Unidos;California;San Francisco;No
253;10/1/2021;3;21:22;49000 por año;455kg;17,5;37.72;-123.03;Menor;Si;Estados Unidos;California;San Francisco;No
254;9/1/2021;4;19:16;6200 por año;6t;13,7;38.54;-119.49;Ligero;No;Estados Unidos;California;Mono;No
255;8/1/2021;4.6;06:36;6200 por año;6t;3,2;33.82;-118.26;Ligero;No;Estados Unidos;California;Los Angeles;No
256;7/1/2021;3;02:07;49000 por año;181kg;11,1;33.83;-118.26;Menor;Si;Estados Unidos;California;Los Angeles;Si
257;6/1/2021;4.3;00:16;6200 por año;6t;7,5;32.51;-115.08;Ligero;No;Estados Unidos;California;Ejido Jiquilpan;No
258;5/1/2021;3.8;04:30;49000 por año;455kg;13,5;36.29;-120.59;Menor;Si;Estados Unidos;California;San Benito;No
259;4/1/2021;3.6;06:30;49000 por año;455kg;5,2;34.22;-118.89;Menor;Si;Estados Unidos;California;Ventura;No
260;3/1/2021;4.5;04:54;6200 por año;6t;11,8;40.27;-124.38;Ligero;No;Estados Unidos;California;Sacramento;No
261;2/1/2021;3.2;23:54;49000 por año;181kg;11,8;40.26;-124.36;Menor;Si;Estados Unidos;California;Sacramento;No
262;1/1/2021;3.6;20:18;49000 por año;455kg;11,4;37.72;-123.03;Menor;SI;Estados Unidos;California;San Francisco;No
263;31/12/2020;4.7;22:12;6200 por año;6t;19,7;33.83;-118.26;Ligero;No;Estados Unidos;California;Los Angeles;No
264;30/12/2020;3;18:22;49000 por año;181kg;4,8;33.82;-118.26;Menor;Si;Estados Unidos;California;Los Angeles;Si
265;29/12/2020;3.5;19:46;49000 por año;455kg;7,3;33.63;-116.71;Menor;Si;Estados Unidos;California;Riverside;No
266;28/12/2020;4;02:48;6200 por año;6t;10,2;32.51;-115.08;Ligero;No;Estados Unidos;California;Ejido Jiquilpan;No
267;27/12/2020;3.1;01:24;49000 por año;455kg;4,3;36.29;-120.59;Menor;Si;Estados Unidos;California;San Benito;No
268;26/12/2020;3;21:45;49000 por año;455kg;6,9;34.22;-118.89;Menor;Si;Estados Unidos;California;Ventura;No
269;25/12/2020;4.6;15:32;6200 por año;6t;7;40.27;-124.38;Ligero;No;Estados Unidos;California;Sacramento;No
270;24/12/2020;3.7;22:40;49000 por año;181kg;16,4;40.26;-124.36;Menor;Si;Estados Unidos;California;Sacramento;No
271;23/12/2020;3.9;11:39;49000 por año;455kg;16,1;37.72;-123.03;Menor;SI;Estados Unidos;California;San Francisco;No
272;22/12/2020;4;00:25;6200 por año;6t;6,1;33.83;-118.26;Ligero;No;Estados Unidos;California;Los Angeles;No
273;21/12/2020;3;14:55;49000 por año;181kg;9,4;33.83;-118,26;Menor;Si;Estados Unidos;California;Los Angeles;Si
274;20/12/2020;3.1;19:43;49000 por año;181kg;4,3;37.72;-121.99;Menor;Si;Estados Unidos;California;Alameda;No
275;19/12/2020;3.6;08:37;49000 por año;455kg;9,3;38.54;-119.49;Menor;Si;Estados Unidos;California;Mono;No
276;18/12/2020;5.4;00:38;800 por año;199t;17,6;33.82;-118.26;Moderado;No;Estados Unidos;California;Los Angeles;No
277;17/12/2020;2.8;23:47;1000 por dia;6kg;10.3;3.679.033;-12.191.933;Menor;Si;Estados Unidos;California;Moss Landing;No
278;16/12/2020;3.8;10:33;49000 por año;455kg;10.5;33.63;-116.71;Menor;Si;Estados Unidos;California;Riverside;No
279;15/12/2020;3.7;00:22;49000 por año;455kg;8.3;33.63;-116.71;Menor;Si;Estados Unidos;California;Riverside;No
280;14/12/2020;4.6;05:36;6200 por año;6t;14.5;37.72;-121.99;Ligero;No;Estados Unidos;California;Alameda;No
281;13/12/2020;3.8;14:55;49000 por año;455kg;11.4;37.72;-121.99;Menor;Si;Estados Unidos;California;Alameda;Si
282;12/12/2020;4;06:37;6200 por año;6t;8.1;33.83;-118.26;Menor;Si;Estados Unidos;California;Los Angeles;No
283;11/12/2020;4.6;12:45;6200 por año;6t;13.1;36.29;-120.59;Ligero;No;Estados Unidos;California;San Benito;No
284;10/12/2020;3.5;17:53;49000 por año;455kg;14.6;3.679.033;-12.191.933;Menor;Si;Estados Unidos;California;Moss Landing;No
285;9/12/2020;3.2;16:00;49000 por año;181kg;15.8;33.83;-118.26;Menor;Si;Estados Unidos;California;Los Angeles;No
286;8/12/2020;4.1;04:10;6200 por año;6t;11.6;33.83;-118.26;Ligero;No;Estados Unidos;California;Los Angeles;No
287;7/12/2020;3.9;01:59;49000 por año;455kg;16;37.72;-121.99;Menor;Si;Estados Unidos;California;Alameda;No
288;6/12/2020;2.5;05:25;1000 por dia;6kg;18.3;36.29;-120.59;Menor;Si;Estados Unidos;California;San Benito;No
289;5/12/2020;2.7;11:46;1000 por dia;6kg;15.7;33.83;-118.26;Menor;Si;Estados Unidos;California;Los Angeles;No
290;4/12/2020;2.7;11:04;1000 por dia;6kg;13.5;37.72;-121.99;Menor;Si;Estados Unidos;California;Alameda;No
291;3/12/2020;2.3;08:11;1000 por dia;6kg;13.9;40.27;-124.38;Menor;Si;Estados Unidos;California;Sacramento;No
292;2/12/2020;3.5;17:46;49000 por año;455kg;13.3;33.63;-116.71;Menor;Si;Estados Unidos;California;Riverside;No
293;1/12/2020;4.3;21:39;6200 por año;6t;15.3;33.63;-116.71;Ligero;No;Estados Unidos;California;Riverside;No
294;30/11/2020;2.8;23:28;1000 por dia;6kg;17.1;3.679.033;-12.191.933;Menor;Si;Estados Unidos;California;Moss Landing;No
295;29/11/2020;4.8;20:44;6200 por año;6t;14.8;40.27;-124.38;Ligero;No;Estados Unidos;California;Sacramento;No
296;28/11/2020;2.9;08:55;1000 por dia;6kg;4.2;33.83;-118.26;Menor;Si;Estados Unidos;California;Los Angeles;No
297;27/11/2020;2.8;17:33;1000 pordia;6kg;14.5;37.72;-121.99;Menor;Si;Estados Unidos;California;Alameda;No
298;26/11/2020;5;14:04;800 por año;199t;9.9;37.72;-121.99;Moderado;Si;Estados Unidos;California;Alameda;No
299;25/11/2020;3.8;23:49;49000 por año;455kg;19.8;33.83;-118.26;Menor;Si;Estados Unidos;California;Los Angeles;No
300;24/11/2020;4.3;00:12;6200 por año;6t;16.1;33.83;-118.26;Ligero;No;Estados Unidos;California;Los Angeles;No
301;23/11/2020;3.5;03:41;49000 por año;455kg;5.1;33.83;-118.26;Menor;Si;Estados Unidos;California;Los Angeles;Si
302;22/11/2020;4.7;03:05;6200 por año;6t;7.8;33.83;-118.26;Ligero;No;Estados Unidos;California;Los Angeles;No
303;21/11/2020;3.3;01:07;49000 por año;181kg;16.5;33.83;-118.26;Menor;Si;Estados Unidos;California;Los Angeles;Si
304;20/11/2020;5;23:12;800 por año;199t;19.3;33.63;-116.71;Menor;Si;Estados Unidos;California;Riverside;No
305;19/11/2020;3.2;08:03;49000 por año;181kg;4.8;38.54;-119.49;Menor;Si;Estados Unidos;California;Mono;No
306;18/11/2020;4.5;09:01;6200 por año;6t;15.2;32.51;-115.08;Ligero;No;Estados Unidos;California;Ejido Jiquilpan;No
307;17/11/2020;2.6;12:46;1000 por dia;6kg;15;38.54;-119.49;Menor;Si;Estados Unidos;California;Mono;No
308;16/11/2020;3.9;22:55;49000 por año;455kg;7.8;33.83;-118.26;Menor;Si;Estados Unidos;California;Los Angeles;No
309;15/11/2020;3.2;09:51;49000 por año;181kg;18.1;37.72;-121.99;Menor;Si;Estados Unidos;California;Alameda;No
310;14/11/2020;4.7;00:57;6200 por año;6t;10.9;36.29;-120.59;Ligero;No;Estados Unidos;California;San Benito;No
311;13/11/2020;2.2;00:07;1000 por dia;6kg;19;34.22;-118.89;Menor;Si;Estados Unidos;California;Ventura;No
312;12/11/2020;3.9;20:30;49000 por año;455kg;6.2;33.83;-118.26;Menor;Si;Estados Unidos;California;Los Angeles;No
313;11/11/2020;4;20:38;6200 por año;6t;19.2;33.83;-118.26;Menor;Si;Estados Unidos;California;Los Angeles;No
314;10/11/2020;4.2;04:15;6200 por año;6t;19.8;38.54;-119.49;Ligero;No;Estados Unidos;California;Mono;No
315;9/11/2020;4.6;05:49;6200 por año;6t;13.5;33.63;-116.71;Ligero;No;Estados Unidos;California;Riverside;No
316;8/11/2020;2.5;00:56;1000 por dia;6kg;18.9;40.27;-124.38;Menor;Si;Estados Unidos;California;Sacramento;No
317;7/11/2020;2.5;05:02;1000 por dia;6kg;4.2;37.72;-121.99;Menor;Si;Estados Unidos;California;Alameda;No
318;6/11/2020;3.2;23:02;49000 por año;181kg;5.3;3.679.033;-12.191.933;Menor;Si;Estados Unidos;California;Moss Landing;No
319;5/11/2020;4.6;18:12;6200 por año;6t;13;32.51;-115.08;Ligero;No;Estados Unidos;California;Ejido Jiquilpan;No
320;4/11/2020;4.4;12:18;6200 por año;6t;9;38.54;-119.49;Ligero;No;Estados Unidos;California;Mono;No
321;3/11/2020;2;00:53;1000 por dia;6kg;18.1;33.63;-116.71;Menor;Si;Estados Unidos;California;Riverside;No
322;2/11/2020;4.3;18:18;6200 por año;6t;11.6;33.83;-118.26;Ligero;No;Estados Unidos;California;Los Angeles;No
323;1/11/2020;4.3;00:40;6200 por año;6t;8.2;37.72;-123.03;Ligero;No;Estados Unidos;California;Alameda;No
324;31/10/2020;3.9;10:47;49000 por año;455kg;16.1;37.72;-121.99;Menor;Si;Estados Unidos;California;Alameda;Si
325;30/10/2020;4.7;05:20;6200 por año;6t;6.6;38.54;-119.49;Ligero;No;Estados Unidos;California;Mono;No
326;29/10/2020;4;05:28;6200 por año;6t;18.3;33.83;-118.26;Menor;Si;Estados Unidos;California;Los Angeles;No
327;28/10/2020;3.1;07:16;49000 por año;181kg;10.3;36.29;-120.59;Menor;Si;Estados Unidos;California;San Benito;No
328;27/10/2020;4.3;22:23;6200 por año;6t;13;38.54;-119.49;Ligero;No;Estados Unidos;California;Mono;No
329;26/10/2020;2.7;16:41;1000 por dia;6kg;5.3;3.679.033;-12.191.933;Menor;Si;Estados Unidos;California;Moss Landing;No
330;25/10/2020;4.1;16:38;6200 por año;6t;8.4;37.72;-123.03;Ligero;No;Estados Unidos;California;Alameda;No
331;24/10/2020;2.4;18:23;1000 por dia;6kg;15.1;37.72;-121.99;Menor;Si;Estados Unidos;California;Alameda;Si
332;23/10/2020;3.2;16:23;49000 por año;181kg;11.2;38.54;-119.49;Menor;Si;Estados Unidos;California;Mono;No
333;22/10/2020;2.5;07:30;1000 por dia;6kg;6.5;33.83;-118.26;Menor;Si;Estados Unidos;California;Los Angeles;No
334;21/10/2020;3.1;07:24;49000 por año;181kg;9.9;34.22;-118.89;Menor;Si;Estados Unidos;California;Ventura;No
335;20/10/2020;3;10:00;49000 por año;181kg;10.3;33.63;-116.71;Menor;Si;Estados Unidos;California;Riverside;No
336;19/10/2020;4.9;20:24;6200 por año;6t;13.8;33.63;-116.71;Ligero;No;Estados Unidos;California;Riverside;No
337;18/10/2020;4.1;14:02;6200 por año;6t;9;40.27;-124.38;Ligero;No;Estados Unidos;California;Sacramento;No
338;17/10/2020;3.7;08:18;49000 por año;455kg;14;36.29;-120.59;Menor;Si;Estados Unidos;California;San Benito;No
339;16/10/2020;2.4;19:13;1000 por dia;6kg;6.3;38.54;-119.49;Menor;Si;Estados Unidos;California;Mono;No
340;15/10/2020;4.1;00:46;6200 por año;6t;14.4;33.63;-116.71;Ligero;No;Estados Unidos;California;Riverside;No
341;14/10/2020;3.5;01:51;49000 por año;455kg;12.5;38.54;-119.49;Menor;Si;Estados Unidos;California;Mono;No
342;13/10/2020;2.4;16:30;1000 por dia;6kg;10.6;33.83;-118.26;Menor;Si;Estados Unidos;California;Los Angeles;No
343;12/10/2020;4.8;04:43;6200 por año;6t;7;33.83;-118.26;Ligero;No;Estados Unidos;California;Los Angeles;Si
344;11/10/2020;4.4;19:43;6200 por año;6t;5.7;34.22;-118.89;Ligero;No;Estados Unidos;California;Ventura;No
345;10/10/2020;2.7;11:24;1000 por dia;6kg;10.1;40.27;-124.38;Menor;Si;Estados Unidos;California;Sacramento;No
346;9/10/2020;4.6;15:26;6200 por año;6t;7.8;37.72;-121.99;Ligero;No;Estados Unidos;California;Alameda;No
347;8/10/2020;4.7;15:35;6200 por año;6t;12.7;32.51;-115.08;Ligero;No;Estados Unidos;California;Ejido Jiquilpan;No
348;7/10/2020;3.6;15:40;49000 por año;455kg;13;40.27;-124.38;Menor;Si;Estados Unidos;California;Sacramento;No
349;6/10/2020;2.5;22:58;1000 por dia;6kg;18.3;40.27;-124.38;Menor;Si;Estados Unidos;California;Sacramento;No
350;5/10/2020;4;15:26;6200 por año;6t;11.5;3.679.033;-12.191.933;Menor;Si;Estados Unidos;California;Moss Landing;No
351;4/10/2020;3.4;14:21;49000 por año;181kg;10.6;37.72;-123.03;Menor;Si;Estados Unidos;California;Alameda;No
352;3/10/2020;2;11:24;1000 por dia;6kg;18.5;33.83;-118.26;Menor;Si;Estados Unidos;California;Los Angeles;No
353;2/10/2020;3.4;01:26;49000 por año;181kg;4.4;38.54;-119.49;Menor;Si;Estados Unidos;California;Mono;No
354;1/10/2020;3.8;16:53;6200 por año;455kg;15.8;33.63;-116.71;Ligero;No;Estados Unidos;California;Riverside;No
355;30/9/2020;4.5;12:58;49000 por año;6t;8;37.72;-121.99;Ligero;No;Estados Unidos;California;Alameda;No
356;29/9/2020;2.5;07:42;1000 por dia;6kg;16.3;37.72;-123.03;Menor;Si;Estados Unidos;California;Alameda;Si
357;28/9/2020;4.4;21:17;6200 por año;6t;7.3;33.83;-118.26;Ligero;No;Estados Unidos;California;Los Angeles;No
358;27/9/2020;3.5;20:54;49000 por año;455kg;8.6;34.22;-118.89;Menor;Si;Estados Unidos;California;Ventura;No
359;26/9/2020;4.3;19:16;6200 por año;6t;4.7;3.679.033;-12.191.933;Ligero;No;Estados Unidos;California;Moss Landing;No
360;25/9/2020;3.1;21:19;49000 por año;181kg;14.2;33.83;-118.26;Menor;Si;Estados Unidos;California;Los Angeles;No
361;24/9/2020;2.7;15:03;1000 por dia;6kg;6.3;33.83;-118.26;Menor;Si;Estados Unidos;California;Los Angeles;No
362;23/9/2020;2.1;17:24;1000 por dia;6kg;12.8;33.63;-116.71;Menor;Si;Estados Unidos;California;Riverside;No
363;22/9/2020;2.5;12:47;1000 por dia;6kg;15.7;37.72;-121.99;Menor;Si;Estados Unidos;California;Alameda;No
364;21/9/2020;4.1;21:40;6200 por año;6t;10.5;38.54;-119.49;Ligero;No;Estados Unidos;California;Mono;No
365;20/9/2020;2.6;11:46;1000 por dia;6kg;6.8;32.51;-115.08;Menor;Si;Estados Unidos;California;Ejido Jiquilpan;Si
366;19/9/2020;4.1;06:38;6200 por año;6t;11.1;36.29;-120.59;Ligero;No;Estados Unidos;California;San Benito;No
367;18/9/2020;2.2;23:18;1000 por dia;6kg;17.5;3.679.033;-12.191.933;Menor;Si;Estados Unidos;California;Moss Landing;No
368;17/9/2020;3.2;13:35;49000 por año;181kg;13.1;37.72;-121.99;Menor;Si;Estados Unidos;California;Alameda;No
369;16/9/2020;2.1;13:39;1000 por dia;6kg;14.2;38.54;-119.49;Menor;Si;Estados Unidos;California;Mono;No
370;15/9/2020;2.9;12:57;1000 por dia;6kg;7.1;33.83;-118.26;Menor;Si;Estados Unidos;California;Los Angeles;No
371;14/9/2020;3.6;15:58;49000 por año;455kg;9.9;33.63;-116.71;Menor;Si;Estados Unidos;California;Riverside;No
372;13/9/2020;5;20:10;800 por año;199t;19;34.22;-118.89;Moderado;Si;Estados Unidos;California;Ventura;No
373;12/9/2020;4.7;17:11;6200 por año;6t;6.6;32.51;-115.08;Ligero;No;Estados Unidos;California;Ejido Jiquilpan;No
374;11/9/2020;3.3;01:09;49000 por año;181kg;14.4;34.22;-118.89;Menor;Si;Estados Unidos;California;Ventura;No
375;10/9/2020;4.4;21:26;6200 por año;6t;15;33.83;-118.26;Ligero;No;Estados Unidos;California;Los Angeles;No
376;9/9/2020;2.2;12:49;1000 por dia;6kg;9.2;38.54;-119.49;Menor;Si;Estados Unidos;California;Mono;No
377;8/9/2020;4.4;06:12;6200 por año;6t;8.7;36.29;-120.59;Ligero;No;Estados Unidos;California;San Benito;No
378;7/9/2020;3.6;15:00;49000 por año;455kg;19;37.72;-121.99;Menor;Si;Estados Unidos;California;Alameda;No
379;6/9/2020;3.2;02:25;49000 por año;181kg;5.7;37.72;-121.99;Menor;Si;Estados Unidos;California;Alameda;No
380;5/9/2020;4.7;04:29;6200 por año;6t;13.9;38.54;-119.49;Ligero;No;Estados Unidos;California;Mono;No
381;4/9/2020;4.7;01:12;6200 por año;6t;5.1;40.27;-124.38;Ligero;No;Estados Unidos;California;Sacramento;No
382;3/9/2020;4.2;09:37;6200 por año;6t;9.9;33.83;-118.26;Ligero;No;Estados Unidos;California;Los Angeles;No
383;2/9/2020;4.1;16:43;6200 por año;6t;9.9;33.83;-118.26;Ligero;No;Estados Unidos;California;Los Angeles;No
384;1/9/2020;4.4;21:18;6200 por año;6t;9.6;33.63;-116.71;Ligero;No;Estados Unidos;California;Riverside;No
385;31/8/2020;4;01:33;6200 por año;6t;19.1;33.63;-116.71;Menor;Si;Estados Unidos;California;Riverside;No
386;30/8/2020;3.8;13:37;49000 por año;455kg;10.6;32.51;-115.08;Menor;Si;Estados Unidos;California;Ejido Jiquilpan;No
387;29/8/2020;2.6;05:30;1000 por dia;6kg;19.2;38.54;-119.49;Menor;Si;Estados Unidos;California;Mono;No
388;28/8/2020;4;11:13;6200 por año;6t;5.5;33.83;-118.26;Menor;Si;Estados Unidos;California;Los Angeles;No
389;27/8/2020;3.5;10:50;49000 por año;455kg;8.4;38.54;-119.49;Menor;Si;Estados Unidos;California;Mono;No
390;26/8/2020;3;20:29;49000 por año;181kg;4.8;3.679.033;-12.191.933;Menor;Si;Estados Unidos;California;Moss Landing;No
391;25/8/2020;3.7;08:10;49000 por año;455kg;19.6;3.679.033;-12.191.933;Menor;Si;Estados Unidos;California;Moss Landing;No
392;24/8/2020;3.5;11:27;49000 por año;455kg;6.8;37.72;-121.99;Menor;Si;Estados Unidos;California;Alameda;No
393;23/8/2020;3.1;04:54;49000 por año;181kg;18.4;38.54;-119.49;Menor;Si;Estados Unidos;California;Mono;No
394;22/8/2020;4;23:12;6200 por año;6t;15.4;36.29;-120.59;Menor;Si;Estados Unidos;California;San Benito;No
395;21/8/2020;4.9;00:15;6200 por año;6t;17.1;38.54;-119.49;Ligero;No;Estados Unidos;California;Mono;No
396;20/8/2020;4.4;05:45;6200 por año;6t;9;37.72;-123.03;Ligero;No;Estados Unidos;California;Alameda;No
397;19/8/2020;4.4;00:24;6200 por año;6t;12.4;37.72;-121.99;Ligero;No;Estados Unidos;California;Alameda;No
398;18/8/2020;3.2;04:12;49000 por año;181kg;15.1;33.63;-116.71;Menor;Si;Estados Unidos;California;Riverside;Si
399;17/8/2020;4.1;22:45;6200 por año;6t;19.9;33.63;-116.71;Ligero;No;Estados Unidos;California;Riverside;No
400;16/8/2020;3.7;07:40;49000 por año;455kg;18.1;34.22;-118.89;Menor;Si;Estados Unidos;California;Ventura;No
401;15/8/2020;3.3;21:15;49000 por año;181kg;5.6;32.51;-115.08;Menor;Si;Estados Unidos;California;Ejido Jiquilpan;No
402;14/8/2020;4.6;09:57;6200 por año;6t;14.9;38.54;-119.49;Ligero;No;Estados Unidos;California;Mono;No
403;13/8/2020;2.6;00:32;1000 por dia;6kg;12.2;36.29;-120.59;Menor;Si;Estados Unidos;California;San Benito;No
404;12/8/2020;3.9;00:06;49000 por año;455kg;16.1;37.72;-123.03;Menor;Si;Estados Unidos;California;Alameda;No
405;11/8/2020;3.7;22:00;49000 por año;455kg;8;33.83;-118.26;Menor;Si;Estados Unidos;California;Los Angeles;No
406;10/8/2020;4.1;16:41;6200 por año;6t;15.9;33.83;-118.26;Ligero;No;Estados Unidos;California;Los Angeles;No
407;9/8/2020;4;20:01;6200 por año;6t;6.6;38.54;-119.49;Menor;Si;Estados Unidos;California;Mono;No
408;8/8/2020;4.2;00:23;6200 por año;6t;7.5;3.679.033;-12.191.933;Ligero;No;Estados Unidos;California;Moss Landing;No
409;7/8/2020;2.4;05:47;1000 por dia;6kg;19.1;37.72;-121.99;Menor;Si;Estados Unidos;California;Alameda;No
410;6/8/2020;4;22:17;6200 por año;6t;19.8;37.72;-121.99;Menor;Si;Estados Unidos;California;Alameda;No
411;5/8/2020;2.3;23:41;1000 por dia;6kg;12.1;33.63;-116.71;Menor;Si;Estados Unidos;California;Riverside;No
412;4/8/2020;2.4;00:04;1000 por dia;6kg;10.6;37.72;-123.03;Menor;Si;Estados Unidos;California;Alameda;Si
413;3/8/2020;2.7;07:04;1000 por dia;6kg;15.4;38.54;-119.49;Menor;Si;Estados Unidos;California;Mono;No
414;2/8/2020;2.4;17:54;1000 por dia;6kg;7.7;33.83;-118.26;Menor;Si;Estados Unidos;California;Los Angeles;No
415;1/8/2020;4.3;18:48;6200 por año;6t;13.3;37.72;-123.03;Ligero;No;Estados Unidos;California;Alameda;No
416;31/7/2020;3.1;22:31;49000 por año;181kg;6.5;37.72;-121.99;Menor;Si;Estados Unidos;California;Alameda;Si
417;30/7/2020;2.1;19:09;1000 por dia;6kg;11.6;40.27;-124.38;Menor;Si;Estados Unidos;California;Sacramento;No
418;29/7/2020;4.5;13:34;6200 por año;6t;7.6;40.27;-124.38;Ligero;No;Estados Unidos;California;Sacramento;No
419;28/7/2020;3.3;18:04;49000 por año;181kg;9.8;36.29;-120.59;Menor;Si;Estados Unidos;California;San Benito;No
420;27/7/2020;4;19:56;6200 por año;6t;14.9;33.63;-116.71;Menor;Si;Estados Unidos;California;Riverside;No
421;26/7/2020;4;11:14;6200 por año;6t;8.1;32.51;-115.08;Menor;Si;Estados Unidos;California;Ejido Jiquilpan;No
422;25/7/2020;2.7;15:43;1000 por dia;6kg;6.1;38.54;-119.49;Menor;Si;Estados Unidos;California;Mono;No
423;24/7/2020;2.4;21:11;1000 por dia;6kg;9.6;37.72;-121.99;Menor;Si;Estados Unidos;California;Alameda;No
424;23/7/2020;3.8;20:29;49000 por año;455kg;14.2;38.54;-119.49;Menor;Si;Estados Unidos;California;Mono;No
425;22/7/2020;4.2;14:40;6200 por año;6t;6.8;32.51;-115.08;Ligero;No;Estados Unidos;California;Ejido Jiquilpan;no
426;21/7/2020;2.7;00:22;1000 por dia;6kg;18.3;34.22;-118.89;Menor;Si;Estados Unidos;California;Ventura;No
427;20/7/2020;3.5;08:09;49000 por año;455kg;14.2;34.22;-118.89;Menor;Si;Estados Unidos;California;Ventura;No
428;19/7/2020;2.9;09:30;1000 por dia;6kg;14;38.54;-119.49;Menor;Si;Estados Unidos;California;Mono;No
429;18/7/2020;2.5;09:50;1000 por dia;6kg;13.7;33.83;-118.26;Menor;Si;Estados Unidos;California;Los Angeles;No
430;17/7/2020;4.8;06:11;6200 por año;6t;10.9;33.83;-118.26;Ligero;No;Estados Unidos;California;Los Angeles;No
431;16/7/2020;3.1;05:59;6200 por año;181kg;5;37.72;-123.03;Menor;Si;Estados Unidos;California;Alameda;No
432;15/7/2020;3.6;10:44;49000 por año;455kg;12.2;37.72;-123.03;Menor;Si;Estados Unidos;California;Alameda;No
433;14/7/2020;3;09:14;49000 por año;181kg;9.5;37.72;-121.99;Menor;Si;Estados Unidos;California;Alameda;No
434;13/7/2020;4.3;08:51;6200 por año;6t;7.4;38.54;-119.49;Ligero;No;Estados Unidos;California;Mono;No
435;12/7/2020;5;05:30;800 por año;9t;9.2;33.63;-116.71;Moderado;Si;Estados Unidos;California;Riverside;No
436;11/7/2020;4.8;05:40;6200 por año;6t;10.1;33.63;-116.71;Ligero;No;Estados Unidos;California;Riverside;No
437;10/7/2020;3.8;22:00;49000 por año;455kg;5.4;3.679.033;-12.191.933;Menor;Si;Estados Unidos;California;Moss Landing;No
438;9/7/2020;3.9;08:37;49000 por año;455kg;12.7;3.679.033;-12.191.933;Menor;Si;Estados Unidos;California;Moss Landing;No
439;8/7/2020;4.2;21:28;6200 por año;6t;13.6;37.72;-121.99;Ligero;No;Estados Unidos;California;Alameda;No
440;7/7/2020;3.5;18:09;49000 por año;455kg;13.7;38.54;-119.49;Menor;Si;Estados Unidos;California;Mono;No
441;6/7/2020;2.3;18:38;1000 por dia;6kg;14.5;40.27;-124.38;Menor;Si;Estados Unidos;California;Sacramento;No
442;5/7/2020;2.7;03:59;1000 por dia;6kg;4.2;34.22;-118.89;Menor;Si;Estados Unidos;California;Ventura;No
443;4/7/2020;3.7;19:38;49000 por año;455kg;7.8;37.72;-121.99;Menor;Si;Estados Unidos;California;Alameda;No
444;3/7/2020;3;01:04;49000 por año;181kg;10.3;34.22;-118.89;Menor;Si;Estados Unidos;California;Ventura;no
445;2/7/2020;4.6;11:04;6200 por año;6t;4.4;32.51;-115.08;Ligero;No;Estados Unidos;California;Ejido Jiquilpan;No
446;1/7/2020;4.1;14:10;6200 por año;6t;18.3;32.51;-115.08;Ligero;No;Estados Unidos;California;Ejido Jiquilpan;No
447;30/6/2020;4.9;03:20;6200 por año;6t;18.3;34.22;-118.89;Ligero;No;Estados Unidos;California;Ventura;No
448;29/6/2020;3.2;14:50;49000 por año;181kg;14.2;33.63;-116.71;Menor;Si;Estados Unidos;California;Riverside;No
449;28/6/2020;3.6;11:49;49000 por año;455kg;17.8;37.72;-121.99;Menor;Si;Estados Unidos;California;Alameda;No
450;27/6/2020;2.8;11:56;1000 por dia;6kg;14.7;37.72;-121.99;Menor;Si;Estados Unidos;California;Alameda;No
451;26/6/2020;3;04:02;49000 por año;181kg;11.9;38.54;-119.49;Menor;Si;Estados Unidos;California;Mono;No
452;25/6/2020;4.3;09:58;6200 por año;6t;13.8;37.72;-123.03;Ligero;No;Estados Unidos;California;Alameda;No
453;24/6/2020;4.6;04:53;6200 por año;6t;15.2;3.679.033;-12.191.933;Ligero;No;Estados Unidos;California;Moss Landing;No
454;23/6/2020;3.6;22:51;49000 por año;455kg;8.1;38.54;-119.49;Menor;Si;Estados Unidos;California;Mono;No
455;22/6/2020;3.4;20:44;49000 por año;181kg;11;32.51;-115.08;Menor;Si;Estados Unidos;California;Ejido Jiquilpan;No
456;21/6/2020;4.7;07:00;6200 por año;6t;16;38.54;-119.49;Ligero;No;Estados Unidos;California;Mono;No
457;20/6/2020;4.3;04:39;6200 por año;6t;10.1;32.51;-115.08;Ligero;No;Estados Unidos;California;Ejido Jiquilpan;No
458;19/6/2020;2.7;23:39;1000 por dia;6kg;8.4;38.54;-119.49;Menor;Si;Estados Unidos;California;Mono;Si
459;18/6/2020;2.3;03:04;1000 por dia;6kg;8.9;33.63;-116.71;Menor;Si;Estados Unidos;California;Riverside;No
460;17/6/2020;3.4;02:02;49000 por año;181kg;11.1;33.63;-116.71;Menor;Si;Estados Unidos;California;Riverside;No
461;16/6/2020;2.4;19:48;1000 por dia;6kg;5.3;3.679.033;-12.191.933;Menor;Si;Estados Unidos;California;Moss Landing;No
462;15/6/2020;2.4;15:10;1000 por dia;6kg;9.9;34.22;-118.89;Menor;Si;Estados Unidos;California;Ventura;No
463;14/6/2020;2.8;08:18;1000 por dia;6kg;12.9;36.29;-120.59;Menor;Si;Estados Unidos;California;San Benito;No
464;13/6/2020;2.7;14:34;1000 por dia;6kg;13.3;38.54;-119.49;Menor;Si;Estados Unidos;California;Mono;No
465;12/6/2020;4;22:41;6200 por año;6t;19.5;37.72;-121.99;Menor;Si;Estados Unidos;California;Alameda;No
466;11/6/2020;2.1;19:36;1000 por dia;6kg;12.2;37.72;-123.03;Menor;Si;Estados Unidos;California;Alameda;Si
467;10/6/2020;4.5;01:05;6200 por año;6t;8.5;37.72;-123.03;Ligero;No;Estados Unidos;California;Alameda;No
468;9/6/2020;2.6;12:29;1000 por dia;6kg;5.8;33.83;-118.26;Menor;Si;Estados Unidos;California;Los Angeles;No
469;8/6/2020;2.5;21:26;1000 por dia;6kg;4.3;32.51;-115.08;Menor;Si;Estados Unidos;California;Ejido Jiquilpan;No
470;7/6/2020;2.4;17:14;1000 por dia;6kg;11.9;33.63;-116.71;Menor;Si;Estados Unidos;California;Riverside;No
471;6/6/2020;4.3;09:00;6200 por año;6kg;5.7;38.54;-119.49;Ligero;No;Estados Unidos;California;Mono;No
472;5/6/2020;2.3;18:39;1000 por dia;6kg;17;32.51;-115.08;Menor;Si;Estados Unidos;California;Ejido Jiquilpan;No
473;4/6/2020;4.3;14:36;6200 por año;6t;10;38.54;-119.49;Ligero;No;Estados Unidos;California;Mono;No
474;3/6/2020;2;04:02;1000 por dia;6kg;13.8;38.54;-119.49;Menor;Si;Estados Unidos;California;Mono;Si
475;2/6/2020;3.9;02:22;49000 por año;455kg;6.2;37.72;-121.99;Menor;Si;Estados Unidos;California;Alameda;No
476;1/6/2020;3.3;01:35;49000 por año;181kg;18.6;38.54;-119.49;Menor;Si;Estados Unidos;California;Mono;No
477;31/5/2020;3.9;15:53;49000 por año;455kg;10.1;36.29;-120.59;Menor;Si;Estados Unidos;California;San Benito;No
478;30/5/2020;3.1;10:23;49000 por año;181kg;10;37.72;-123.03;Menor;Si;Estados Unidos;California;Alameda;No
479;29/5/2020;2.1;15:47;1000 por dia;6kg;16.4;34.22;-118.89;Menor;Si;Estados Unidos;California;Ventura;No
480;28/5/2020;2.9;21:31;1000 por dia;6kg;12.6;3.679.033;-12.191.933;Menor;Si;Estados Unidos;California;Moss Landing;No
481;27/5/2020;3.6;02:08;49000 por año;455kg;9.7;3.679.033;-12.191.933;Menor;Si;Estados Unidos;California;Moss Landing;No
482;26/5/2020;4.5;19:08;6200 por año;6t;13.8;34.22;-118.89;Ligero;No;Estados Unidos;California;Ventura;No
483;25/5/2020;2.7;03:28;1000 por dia;6kg;14.3;37.72;-123.03;Menor;Si;Estados Unidos;California;Alameda;No
484;24/5/2020;3.3;00:02;49000 por año;181kg;9.7;33.83;-118.26;Menor;Si;Estados Unidos;California;Los Angeles;No
485;23/5/2020;4.1;00:59;6200 por año;6t;9.8;37.72;-123.03;Ligero;No;Estados Unidos;California;Alameda;No
486;22/5/2020;4.5;06:04;6200 por año;6t;9.3;37.72;-121.99;Ligero;No;Estados Unidos;California;Alameda;No
487;21/5/2020;2.9;09:25;1000 por dia;6kg;16.1;38.54;-119.49;Menor;Si;Estados Unidos;California;Mono;No
488;20/5/2020;3.2;14:12;49000 por año;181kg;13.3;33.63;-116.71;Menor;Si;Estados Unidos;California;Riverside;No
489;19/5/2020;2.5;21:57;1000 por dia;6kg;6.9;33.63;-116.71;Menor;Si;Estados Unidos;California;Riverside;Si
490;18/5/2020;3.5;19:00;49000 por año;455kg;4.5;34.22;-118.89;Menor;Si;Estados Unidos;California;Ventura;No
491;17/5/2020;4.8;11:25;6200 por año;6t;7.1;32.51;-115.08;Ligero;No;Estados Unidos;California;Ejido Jiquilpan;No
492;16/5/2020;4.4;05:46;6200 por año;6t;19;33.83;-118.26;Ligero;No;Estados Unidos;California;Los Angeles;No
493;15/5/2020;5;15:23;800 por año;199t;14;37.72;-123.03;Moderado;Si;Estados Unidos;California;Alameda;No
494;14/5/2020;4.7;08:17;6200 por año;6t;11.6;32.51;-115.08;Ligero;No;Estados Unidos;California;Ejido Jiquilpan;No
495;13/5/2020;4.5;09:47;6200 por año;6t;11.2;37.72;-121.99;Ligero;No;Estados Unidos;California;Alameda;No
496;12/5/2020;5;09:02;800 por año;199t;9;3.679.033;-12.191.933;Moderado;Si;Estados Unidos;California;Moss Landing;No
497;11/5/2020;4.9;10:18;6200 por año;6t;13;34.22;-118.89;Ligero;No;Estados Unidos;California;Ventura;No
498;10/5/2020;4.6;02:43;6200 por año;6t;5.8;32.51;-115.08;Ligero;No;Estados Unidos;California;Ejido Jiquilpan;No
499;9/5/2020;3.6;06:24;49000 por año;455kg;18.1;37.72;-121.99;Menor;Si;Estados Unidos;California;Alameda;No
500;8/5/2020;4.4;09:31;6200 por año;6t;8.5;32.51;-115.08;Ligero;No;Estados Unidos;California;Ejido Jiquilpan;No
501;7/5/2020;2.7;21:32;1000 por dia;6kg;15.9;33.63;-116.71;Menor;Si;Estados Unidos;California;Riverside;No
502;6/5/2020;2.6;15:49;1000 por dia;6kg;6.8;33.63;-116.71;Menor;Si;Estados Unidos;California;Riverside;No
503;5/5/2020;2.6;10:04;1000 por dia;6kg;15.3;3.679.033;-12.191.933;Menor;Si;Estados Unidos;California;Moss Landing;No
